{"570":{"appid":570,"name":"Dota 2","developer":"Valve","publisher":"Valve","score_rank":71,"owners":112673679,"owners_variance":313039,"players_forever":112673679,"players_forever_variance":313039,"players_2weeks":9603074,"players_2weeks_variance":104497,"average_forever":11969,"average_2weeks":1161,"median_forever":268,"median_2weeks":634,"ccu":768795,"price":"0","tags":{"Free to Play":23566,"MOBA":8158,"Strategy":7707,"Multiplayer":7067,"Team-Based":5084,"Action":4794,"e-sports":4330,"Online Co-Op":3866,"Competitive":3731,"PvP":2868,"RTS":2391,"Difficult":2276,"RPG":2221,"Fantasy":2158,"Tower Defense":2128,"Co-op":2014,"Character Customization":1622,"Replay Value":1568,"Action RPG":1486,"Simulation":1117}},
"440":{"appid":440,"name":"Team Fortress 2","developer":"Valve","publisher":"Valve","score_rank":89,"owners":43285606,"owners_variance":213161,"players_forever":43285606,"players_forever_variance":213161,"players_2weeks":1718921,"players_2weeks_variance":44606,"average_forever":4497,"average_2weeks":640,"median_forever":236,"median_2weeks":282,"ccu":63598,"price":"0","tags":{"Free to Play":16288,"Multiplayer":9666,"FPS":8433,"Action":7565,"Shooter":7093,"Class-Based":5572,"Team-Based":4728,"Funny":4602,"First-Person":4304,"Trading":4183,"Cartoony":3856,"Competitive":3728,"Co-op":3559,"Online Co-Op":3544,"Robots":2785,"Comedy":2687,"Tactical":2413,"Crafting":2200,"Cartoon":2153,"Moddable":1993}},
"730":{"appid":730,"name":"Counter-Strike: Global Offensive","developer":"Valve","publisher":"Valve","score_rank":74,"owners":33114414,"owners_variance":188771,"players_forever":32352068,"players_forever_variance":186757,"players_2weeks":9544502,"players_2weeks_variance":104185,"average_forever":17997,"average_2weeks":825,"median_forever":5009,"median_2weeks":343,"ccu":537012,"price":"1499","tags":{"FPS":18107,"Multiplayer":14580,"Shooter":13623,"Action":11553,"Team-Based":10988,"Competitive":10299,"Tactical":9080,"First-Person":7871,"e-sports":7215,"PvP":6843,"Online Co-Op":6169,"Military":4987,"Co-op":4775,"Strategy":4759,"War":4717,"Realistic":3449,"Trading":3442,"Difficult":3439,"Fast-Paced":3352,"Moddable":2692}},
"304930":{"appid":304930,"name":"Unturned","developer":"Smartly Dressed Games","publisher":"Smartly Dressed Games","score_rank":77,"owners":32500774,"owners_variance":187152,"players_forever":26101557,"players_forever_variance":169005,"players_2weeks":983888,"players_2weeks_variance":33775,"average_forever":1284,"average_2weeks":445,"median_forever":163,"median_2weeks":78,"ccu":25889,"price":"0","tags":{"Free to Play":14254,"Survival":11664,"Zombies":11228,"Multiplayer":10591,"Open World":9099,"Adventure":7219,"Crafting":6736,"Action":6129,"First-Person":5945,"Co-op":5644,"Sandbox":5169,"Post-apocalyptic":4891,"Shooter":4821,"FPS":4378,"Singleplayer":4193,"Indie":3345,"Massively Multiplayer":3336,"Atmospheric":2859,"Casual":2849,"Horror":952}},
"550":{"appid":550,"name":"Left 4 Dead 2","developer":"Valve","publisher":"Valve","score_rank":95,"owners":18599184,"owners_variance":143927,"players_forever":16261464,"players_forever_variance":134944,"players_2weeks":825774,"players_2weeks_variance":30948,"average_forever":2240,"average_2weeks":253,"median_forever":544,"median_2weeks":74,"ccu":14252,"price":"1999","tags":{"Zombies":4854,"Co-op":3285,"FPS":3060,"Multiplayer":2810,"Action":2591,"Online Co-Op":1930,"Shooter":1701,"Survival":1584,"First-Person":1534,"Horror":1312,"Team-Based":1210,"Moddable":1087,"Gore":1042,"Survival Horror":882,"Post-apocalyptic":874,"Singleplayer":786,"Adventure":752,"Local Co-Op":714,"Tactical":693,"Replay Value":644}},
"230410":{"appid":230410,"name":"Warframe","developer":"Digital Extremes","publisher":"Digital Extremes","score_rank":77,"owners":18276886,"owners_variance":142728,"players_forever":11700436,"players_forever_variance":115069,"players_2weeks":770237,"players_2weeks_variance":29891,"average_forever":4249,"average_2weeks":1017,"median_forever":269,"median_2weeks":192,"ccu":53481,"price":"0","tags":{"Free to Play":7087,"Action":4135,"Co-op":3413,"Multiplayer":3247,"Third-Person Shooter":3154,"Sci-fi":2813,"Ninja":2534,"Shooter":2280,"Parkour":2218,"Space":2088,"Online Co-Op":1861,"Futuristic":1524,"Third Person":1435,"Massively Multiplayer":1233,"PvE":1116,"RPG":1085,"Singleplayer":913,"Hack and Slash":884,"FPS":741,"Cyberpunk":564}},
"218620":{"appid":218620,"name":"PAYDAY 2: Ultimate Edition","developer":"OVERKILL - a Starbreeze Studio.","publisher":"505 Games","score_rank":51,"owners":16550379,"owners_variance":136092,"players_forever":12484330,"players_forever_variance":118754,"players_2weeks":1018788,"players_2weeks_variance":34367,"average_forever":2783,"average_2weeks":912,"median_forever":592,"median_2weeks":327,"ccu":55383,"price":"0","tags":{"Co-op":5708,"Action":5365,"FPS":5095,"Heist":4609,"Online Co-Op":4159,"Multiplayer":4034,"Stealth":4001,"Crime":3838,"Team-Based":3237,"Shooter":3189,"First-Person":3063,"Great Soundtrack":2832,"Gun Customization":2689,"Tactical":2416,"PvE":1804,"Strategy":1624,"Singleplayer":1327,"Simulation":1063,"Funny":948,"Adventure":760}},
"240":{"appid":240,"name":"Counter-Strike: Source","developer":"Valve","publisher":"Valve","score_rank":92,"owners":16368290,"owners_variance":135370,"players_forever":12065828,"players_forever_variance":116803,"players_2weeks":257656,"players_2weeks_variance":17298,"average_forever":8074,"average_2weeks":367,"median_forever":668,"median_2weeks":55,"ccu":7444,"price":"1999","tags":{"Action":1660,"FPS":1502,"Multiplayer":1344,"Shooter":1122,"Team-Based":866,"Tactical":731,"First-Person":712,"Competitive":651,"PvP":537,"Military":486,"War":363,"e-sports":338,"Moddable":308,"Strategy":287,"Difficult":213,"Singleplayer":205,"Survival":173,"Simulation":155,"Atmospheric":153,"Sandbox":109}},
"340":{"appid":340,"name":"Half-Life 2: Lost Coast","developer":"Valve","publisher":"Valve","score_rank":54,"owners":16016554,"owners_variance":133962,"players_forever":3099459,"players_forever_variance":59805,"players_2weeks":11836,"players_2weeks_variance":3708,"average_forever":56,"average_2weeks":127,"median_forever":25,"median_2weeks":16,"ccu":25,"price":"0","tags":{"FPS":224,"Action":195,"Sci-fi":138,"Singleplayer":138,"Short":108,"First-Person":104,"Shooter":94,"Aliens":61,"Dystopian ":58,"Adventure":57,"Futuristic":52,"Benchmark":43,"Atmospheric":37,"Classic":30,"Free to Play":22,"Multiplayer":17,"Silent Protagonist":15,"Great Soundtrack":6}},
"227940":{"appid":227940,"name":"Heroes & Generals","developer":"Reto-Moto","publisher":"Reto-Moto","score_rank":23,"owners":15584700,"owners_variance":132210,"players_forever":11036115,"players_forever_variance":111839,"players_2weeks":257353,"players_2weeks_variance":17288,"average_forever":762,"average_2weeks":321,"median_forever":53,"median_2weeks":49,"ccu":5661,"price":"0","tags":{"Free to Play":4231,"World War II":2334,"Multiplayer":2192,"FPS":2192,"War":1949,"Action":1725,"Shooter":1679,"First-Person":1185,"Massively Multiplayer":1107,"Tactical":786,"Strategy":778,"Co-op":768,"Historical":738,"Open World":641,"Simulation":529,"Singleplayer":456,"Atmospheric":451,"Adventure":427,"Indie":318,"RTS":238}},
"320":{"appid":320,"name":"Half-Life 2: Deathmatch","developer":"Valve","publisher":"Valve","score_rank":71,"owners":14938587,"owners_variance":129537,"players_forever":3788970,"players_forever_variance":66072,"players_2weeks":20940,"players_2weeks_variance":4932,"average_forever":543,"average_2weeks":151,"median_forever":36,"median_2weeks":28,"ccu":249,"price":"499","tags":{"Action":180,"FPS":173,"Multiplayer":168,"Shooter":95,"Sci-fi":91,"First-Person":81,"Physics":75,"Competitive":56,"Funny":34,"Co-op":28,"Adventure":5,"Atmospheric":5}},
"4000":{"appid":4000,"name":"Garry's Mod","developer":"Facepunch Studios","publisher":"Valve","score_rank":92,"owners":14426310,"owners_variance":127372,"players_forever":13520720,"players_forever_variance":123438,"players_2weeks":1203002,"players_2weeks_variance":37338,"average_forever":6203,"average_2weeks":549,"median_forever":1023,"median_2weeks":129,"ccu":43594,"price":"999","tags":{"Sandbox":10680,"Multiplayer":8936,"Funny":7924,"Moddable":6467,"Building":6084,"Co-op":5392,"Comedy":5313,"First-Person":5232,"Mod":5073,"Simulation":4718,"FPS":4285,"Online Co-Op":4266,"Singleplayer":4257,"Physics":4197,"Action":3978,"Indie":3911,"Shooter":3698,"Animation & Modeling":3616,"Adventure":3285,"Massively Multiplayer":3246}},
"10":{"appid":10,"name":"Counter-Strike","developer":"Valve","publisher":"Valve","score_rank":97,"owners":14066684,"owners_variance":125826,"players_forever":9904431,"players_forever_variance":106087,"players_2weeks":314407,"players_2weeks_variance":19107,"average_forever":11288,"average_2weeks":710,"median_forever":428,"median_2weeks":108,"ccu":16703,"price":"999","tags":{"Action":2544,"FPS":1917,"Multiplayer":1542,"Shooter":1323,"Classic":1268,"Team-Based":868,"Competitive":735,"First-Person":726,"Tactical":678,"1990's":525,"e-sports":500,"PvP":415,"Military":319,"Strategy":300,"Score Attack":179,"Survival":165,"Assassin":140,"1980s":132,"Ninja":113,"Tower Defense":78}},
"444090":{"appid":444090,"name":"Paladins","developer":"Hi-Rez Studios","publisher":"Hi-Rez Studios","score_rank":62,"owners":13734675,"owners_variance":124380,"players_forever":11608785,"players_forever_variance":114629,"players_2weeks":1270375,"players_2weeks_variance":38366,"average_forever":1221,"average_2weeks":419,"median_forever":251,"median_2weeks":111,"ccu":35198,"price":"0","tags":{"Early Access":2296,"Free to Play":2087,"Multiplayer":1366,"FPS":1349,"Shooter":1216,"Action":1038,"Team-Based":911,"First-Person":822,"MOBA":795,"PvP":764,"Online Co-Op":685,"Fantasy":506,"Strategy":504,"Co-op":494,"Massively Multiplayer":409,"Funny":356,"Adventure":283,"Survival":252,"Anime":186,"Memes":178}},
"301520":{"appid":301520,"name":"Robocraft","developer":"Freejam","publisher":"Freejam","score_rank":31,"owners":13234233,"owners_variance":122163,"players_forever":9568173,"players_forever_variance":104311,"players_2weeks":313497,"players_2weeks_variance":19079,"average_forever":1115,"average_2weeks":339,"median_forever":139,"median_2weeks":85,"ccu":8406,"price":"0","tags":{"Free to Play":3090,"Robots":2005,"Building":1925,"Multiplayer":1912,"Action":1375,"Shooter":1291,"PvP":1177,"Massively Multiplayer":1121,"Sandbox":1053,"Crafting":986,"Third-Person Shooter":841,"Sci-fi":719,"Strategy":696,"Simulation":650,"Indie":528,"Open World":468,"Funny":404,"Adventure":375,"RPG":363,"FPS":144}},
"236390":{"appid":236390,"name":"War Thunder","developer":"Gaijin Entertainment","publisher":"Gaijin Entertainment","score_rank":51,"owners":12572339,"owners_variance":119160,"players_forever":7682034,"players_forever_variance":93667,"players_2weeks":459471,"players_2weeks_variance":23094,"average_forever":2814,"average_2weeks":544,"median_forever":279,"median_2weeks":137,"ccu":13462,"price":"0","tags":{"Free to Play":3318,"World War II":1864,"Simulation":1795,"Multiplayer":1771,"War":1607,"Flight":1598,"Tanks":1571,"Military":1510,"Massively Multiplayer":1280,"Action":1155,"Historical":928,"Realistic":908,"Team-Based":726,"Shooter":692,"Arcade":576,"Co-op":567,"Strategy":559,"FPS":460,"Open World":447,"TrackIR":234}},
"72850":{"appid":72850,"name":"The Elder Scrolls V: Skyrim","developer":"Bethesda Game Studios","publisher":"Bethesda Softworks","score_rank":89,"owners":12123490,"owners_variance":117074,"players_forever":11620014,"players_forever_variance":114683,"players_2weeks":611516,"players_2weeks_variance":26638,"average_forever":7242,"average_2weeks":527,"median_forever":3004,"median_2weeks":125,"ccu":19923,"price":"1999","tags":{"Open World":8118,"RPG":7334,"Fantasy":5213,"Adventure":4781,"Moddable":4154,"Dragons":4069,"First-Person":3469,"Action":3132,"Medieval":2987,"Magic":2847,"Singleplayer":2752,"Story Rich":2482,"Great Soundtrack":2399,"Sandbox":2229,"Lore-Rich":2067,"Atmospheric":2045,"Character Customization":1889,"Action RPG":1476,"Third Person":1473,"Dark Fantasy":1167}},
"80":{"appid":80,"name":"Counter-Strike: Condition Zero","developer":"Valve","publisher":"Valve","score_rank":71,"owners":11412432,"owners_variance":113681,"players_forever":4418695,"players_forever_variance":71301,"players_2weeks":47040,"players_2weeks_variance":7392,"average_forever":2097,"average_2weeks":405,"median_forever":81,"median_2weeks":30,"ccu":849,"price":"999","tags":{"Action":350,"FPS":272,"Shooter":199,"Multiplayer":187,"Singleplayer":150,"Tactical":128,"Competitive":123,"First-Person":122,"Team-Based":111,"Classic":109,"Strategy":77,"Military":46,"Online Co-Op":37,"Adventure":34,"Open World":13,"Atmospheric":13,"Survival":13,"Dark":12,"Horror":10,"Simulation":8}},
"100":{"appid":100,"name":"Counter-Strike: Condition Zero","developer":"Valve","publisher":"Valve","score_rank":71,"owners":11412432,"owners_variance":113681,"players_forever":2051840,"players_forever_variance":48716,"players_2weeks":10015,"players_2weeks_variance":3411,"average_forever":187,"average_2weeks":413,"median_forever":32,"median_2weeks":42,"ccu":80,"price":"999","tags":{"Action":350,"FPS":272,"Shooter":199,"Multiplayer":187,"Singleplayer":150,"Tactical":128,"Competitive":123,"First-Person":122,"Team-Based":111,"Classic":109,"Strategy":77,"Military":46,"Online Co-Op":37,"Adventure":34,"Open World":13,"Atmospheric":13,"Survival":13,"Dark":12,"Horror":10,"Simulation":8}},
"400":{"appid":400,"name":"Portal","developer":"Valve","publisher":"Valve","score_rank":99,"owners":11167522,"owners_variance":112486,"players_forever":7748193,"players_forever_variance":94062,"players_2weeks":81333,"players_2weeks_variance":9720,"average_forever":329,"average_2weeks":174,"median_forever":174,"median_2weeks":45,"ccu":473,"price":"999","tags":{"Puzzle":1885,"First-Person":1304,"Singleplayer":1057,"Sci-fi":1012,"Comedy":954,"Female Protagonist":813,"Action":616,"Funny":527,"Platformer":492,"FPS":399,"Story Rich":391,"Short":377,"Physics":368,"Classic":328,"Adventure":308,"Science":308,"Atmospheric":293,"Dark Humor":242,"Great Soundtrack":220,"Strategy":184}},
"8930":{"appid":8930,"name":"Sid Meier's Civilization V","developer":"Firaxis Games, Aspyr (Mac, Linux)","publisher":"2K Games, Aspyr (Mac, Linux)","score_rank":95,"owners":10906225,"owners_variance":111196,"players_forever":10272858,"players_forever_variance":107997,"players_2weeks":689814,"players_2weeks_variance":28290,"average_forever":11016,"average_2weeks":889,"median_forever":2507,"median_2weeks":331,"ccu":32062,"price":"2999","tags":{"Turn-Based Strategy":3441,"Strategy":3205,"Turn-Based":1935,"Multiplayer":1818,"Historical":1602,"4X":1286,"Singleplayer":1246,"Hex Grid":1037,"Grand Strategy":711,"Replay Value":581,"Co-op":573,"Tactical":478,"Economy":466,"Moddable":446,"Diplomacy":443,"Simulation":395,"Great Soundtrack":311,"Classic":271,"Touch-Friendly":249,"Education":216}},
"220":{"appid":220,"name":"Half-Life 2","developer":"Valve","publisher":"Valve","score_rank":95,"owners":10992413,"owners_variance":111623,"players_forever":6268720,"players_forever_variance":84749,"players_2weeks":95900,"players_2weeks_variance":10555,"average_forever":711,"average_2weeks":220,"median_forever":295,"median_2weeks":55,"ccu":1130,"price":"999","tags":{"FPS":1891,"Action":1632,"Sci-fi":1458,"Singleplayer":1179,"Classic":1165,"Story Rich":982,"Shooter":937,"Adventure":850,"First-Person":822,"Dystopian ":703,"Atmospheric":584,"Zombies":503,"Aliens":462,"Great Soundtrack":455,"Silent Protagonist":431,"Physics":419,"Multiplayer":383,"Horror":346,"Moddable":333,"Puzzle":318}},
"620":{"appid":620,"name":"Portal 2","developer":"Valve","publisher":"Valve","score_rank":99,"owners":10901976,"owners_variance":111175,"players_forever":8850742,"players_forever_variance":100406,"players_2weeks":239447,"players_2weeks_variance":16676,"average_forever":962,"average_2weeks":203,"median_forever":561,"median_2weeks":66,"ccu":2438,"price":"1999","tags":{"Puzzle":3605,"Co-op":2558,"First-Person":2207,"Sci-fi":1898,"Comedy":1886,"Singleplayer":1602,"Adventure":1478,"Online Co-Op":1440,"Funny":1286,"Science":1222,"Female Protagonist":1209,"Action":1090,"Story Rich":867,"Multiplayer":831,"Atmospheric":709,"FPS":664,"Local Co-Op":650,"Strategy":517,"Space":485,"Platformer":465}},
"105600":{"appid":105600,"name":"Terraria","developer":"Re-Logic","publisher":"Re-Logic","score_rank":97,"owners":9491089,"owners_variance":103899,"players_forever":9042543,"players_forever_variance":101466,"players_2weeks":652182,"players_2weeks_variance":27508,"average_forever":4919,"average_2weeks":610,"median_forever":1424,"median_2weeks":125,"ccu":20983,"price":"999","tags":{"Sandbox":5993,"Adventure":4978,"Survival":4820,"2D":4732,"Multiplayer":4667,"Crafting":4655,"Building":4370,"Exploration":4008,"Pixel Graphics":3747,"Co-op":3154,"Indie":3055,"Open World":2902,"Action":2784,"RPG":2291,"Online Co-Op":2167,"Singleplayer":2116,"Platformer":2004,"Replay Value":1467,"Atmospheric":1377,"Family Friendly":1346}},
"578080":{"appid":578080,"name":"PLAYERUNKNOWN'S BATTLEGROUNDS","developer":"Bluehole, Inc.","publisher":"Bluehole, Inc. ","score_rank":31,"owners":8818877,"owners_variance":100229,"players_forever":8736330,"players_forever_variance":99768,"players_2weeks":6674778,"players_2weeks_variance":87410,"average_forever":4998,"average_2weeks":1292,"median_forever":2515,"median_2weeks":798,"ccu":883765,"price":"2999","tags":{"Early Access":3064,"Survival":2785,"Shooter":2306,"Multiplayer":2135,"Open World":1778,"PvP":1714,"Massively Multiplayer":1522,"Action":1376,"FPS":1370,"Third-Person Shooter":1292,"Online Co-Op":1052,"Tactical":1049,"Co-op":898,"Violent":746,"Strategy":710,"First-Person":687,"Walking Simulator":611,"Adventure":582,"Memes":540,"Casual":296}},
"304050":{"appid":304050,"name":"Trove","developer":"Trion Worlds","publisher":"Trion Worlds","score_rank":41,"owners":8658032,"owners_variance":99329,"players_forever":7149120,"players_forever_variance":90414,"players_2weeks":245213,"players_2weeks_variance":16875,"average_forever":1308,"average_2weeks":558,"median_forever":121,"median_2weeks":90,"ccu":8148,"price":"0","tags":{"Free to Play":2348,"Open World":1569,"Multiplayer":1345,"Adventure":1264,"Massively Multiplayer":1135,"Building":1067,"MMORPG":1022,"Sandbox":943,"Action":862,"Pixel Graphics":850,"RPG":799,"Crafting":787,"Third Person":734,"Exploration":697,"Co-op":686,"Dungeon Crawler":592,"Voxel":534,"Funny":442,"Casual":425,"FPS":292}},
"224260":{"appid":224260,"name":"No More Room in Hell","developer":"No More Room in Hell Team","publisher":"Lever Games","score_rank":71,"owners":8347570,"owners_variance":97566,"players_forever":5427772,"players_forever_variance":78934,"players_2weeks":90134,"players_2weeks_variance":10233,"average_forever":415,"average_2weeks":150,"median_forever":81,"median_2weeks":39,"ccu":975,"price":"0","tags":{"Free to Play":2684,"Zombies":2350,"Survival":1538,"Multiplayer":1533,"Horror":1167,"Co-op":1034,"Action":994,"Online Co-Op":967,"FPS":865,"First-Person":797,"Shooter":637,"Survival Horror":629,"Post-apocalyptic":622,"Open World":450,"Realistic":431,"Indie":419,"Atmospheric":373,"Mod":351,"Adventure":319,"Massively Multiplayer":300}},
"271590":{"appid":271590,"name":"Grand Theft Auto V","developer":"Rockstar North","publisher":"Rockstar Games","score_rank":21,"owners":8349694,"owners_variance":97578,"players_forever":8194918,"players_forever_variance":96687,"players_2weeks":1891905,"players_2weeks_variance":46788,"average_forever":7476,"average_2weeks":642,"median_forever":4024,"median_2weeks":218,"ccu":93981,"price":"5999","tags":{"Open World":20595,"Action":16144,"Multiplayer":14053,"First-Person":13147,"Third Person":13125,"Crime":12699,"Adventure":9566,"Shooter":9390,"Third-Person Shooter":8538,"Singleplayer":8399,"Racing":7926,"Mature":7737,"Atmospheric":7587,"Sandbox":6966,"Co-op":6924,"Great Soundtrack":6423,"Funny":6387,"Comedy":6109,"Moddable":3631,"RPG":3538}},
"218230":{"appid":218230,"name":"PlanetSide 2","developer":"Daybreak Game Company","publisher":"Daybreak Game Company","score_rank":54,"owners":8367903,"owners_variance":97682,"players_forever":5290598,"players_forever_variance":77943,"players_2weeks":139298,"players_2weeks_variance":12720,"average_forever":1607,"average_2weeks":383,"median_forever":150,"median_2weeks":92,"ccu":2844,"price":"0","tags":{"Free to Play":2042,"Massively Multiplayer":1375,"FPS":1340,"Action":1052,"Shooter":1024,"Team-Based":728,"Open World":716,"Multiplayer":681,"Tactical":564,"Sci-fi":557,"War":476,"First-Person":467,"Futuristic":389,"PvP":368,"Co-op":338,"Strategy":294,"Online Co-Op":289,"Space":226,"Adventure":206,"RPG":191}},
"273110":{"appid":273110,"name":"Counter-Strike Nexon: Zombies","developer":"Nexon","publisher":"Nexon Europe GmbH","score_rank":23,"owners":8172157,"owners_variance":96555,"players_forever":5128842,"players_forever_variance":76756,"players_2weeks":70711,"players_2weeks_variance":9063,"average_forever":1023,"average_2weeks":922,"median_forever":42,"median_2weeks":94,"ccu":3089,"price":"0","tags":{"Free to Play":2280,"Zombies":1826,"Multiplayer":1055,"FPS":988,"Shooter":977,"Action":879,"Gore":653,"First-Person":643,"Co-op":576,"Horror":515,"PvP":510,"Online Co-Op":488,"Singleplayer":355,"PvE":347,"Classic":323,"Massively Multiplayer":285,"Mod":248,"Funny":228,"Walking Simulator":199,"Indie":182}},
"238960":{"appid":238960,"name":"Path of Exile","developer":"Grinding Gear Games","publisher":"Grinding Gear Games","score_rank":81,"owners":8197953,"owners_variance":96704,"players_forever":5754318,"players_forever_variance":81244,"players_2weeks":718645,"players_2weeks_variance":28874,"average_forever":3819,"average_2weeks":1301,"median_forever":269,"median_2weeks":367,"ccu":51911,"price":"0","tags":{"Free to Play":2243,"Action RPG":1323,"RPG":1200,"Hack and Slash":1171,"Multiplayer":1142,"Massively Multiplayer":842,"Action":623,"Indie":598,"Fantasy":562,"Adventure":545,"Loot":483,"Dungeon Crawler":439,"MMORPG":390,"Co-op":362,"Online Co-Op":351,"Character Customization":310,"Dark Fantasy":299,"PvE":297,"Fishing":295,"Inventory Management":287}},
"30":{"appid":30,"name":"Day of Defeat","developer":"Valve","publisher":"Valve","score_rank":74,"owners":8150307,"owners_variance":96428,"players_forever":1802075,"players_forever_variance":45668,"players_2weeks":10622,"players_2weeks_variance":3513,"average_forever":868,"average_2weeks":1115,"median_forever":23,"median_2weeks":394,"ccu":189,"price":"499","tags":{"FPS":118,"World War II":105,"Multiplayer":100,"Action":85,"Shooter":78,"War":67,"Team-Based":65,"Classic":51,"Class-Based":43,"First-Person":36,"Historical":17,"Military":8}},
"49520":{"appid":49520,"name":"Borderlands 2","developer":"Gearbox Software, Aspyr (Mac & Linux)","publisher":"2K Games, Aspyr (Mac & Linux)","score_rank":95,"owners":8085665,"owners_variance":96052,"players_forever":7293578,"players_forever_variance":91308,"players_2weeks":286790,"players_2weeks_variance":18249,"average_forever":3464,"average_2weeks":423,"median_forever":1397,"median_2weeks":127,"ccu":7604,"price":"1999","tags":{"FPS":3344,"Co-op":3169,"Action":2507,"RPG":2477,"Loot":2147,"Shooter":1944,"Open World":1830,"Funny":1752,"Multiplayer":1720,"Comedy":1234,"Adventure":1141,"Action RPG":1066,"Online Co-Op":882,"Memes":827,"Stylized":734,"Sci-fi":711,"Futuristic":696,"Dark Humor":684,"Singleplayer":611,"Atmospheric":543}},
"40":{"appid":40,"name":"Deathmatch Classic","developer":"Valve","publisher":"Valve","score_rank":54,"owners":8033163,"owners_variance":95745,"players_forever":868261,"players_forever_variance":31732,"players_2weeks":1821,"players_2weeks_variance":1454,"average_forever":194,"average_2weeks":2844,"median_forever":7,"median_2weeks":3869,"ccu":3,"price":"499","tags":{"Action":77,"FPS":60,"Multiplayer":49,"Classic":44,"Shooter":39,"First-Person":23,"Arena Shooter":14,"Sci-fi":8}},
"60":{"appid":60,"name":"Ricochet","developer":"Valve","publisher":"Valve","score_rank":47,"owners":8016775,"owners_variance":95649,"players_forever":921371,"players_forever_variance":32687,"players_2weeks":1821,"players_2weeks_variance":1454,"average_forever":119,"average_2weeks":2741,"median_forever":3,"median_2weeks":3870,"ccu":7,"price":"499","tags":{"Action":97,"FPS":59,"Multiplayer":46,"First-Person":43,"Cyberpunk":26,"Classic":23,"Space":21,"Sci-fi":21,"Conspiracy":19,"Shooter":17,"Psychological Horror":7,"Platformer":5}},
"291480":{"appid":291480,"name":"Warface: Blackout","developer":"Crytek","publisher":"My.com","score_rank":28,"owners":7807676,"owners_variance":94416,"players_forever":5074519,"players_forever_variance":76353,"players_2weeks":214865,"players_2weeks_variance":15797,"average_forever":904,"average_2weeks":443,"median_forever":100,"median_2weeks":98,"ccu":5297,"price":"0","tags":{"Free to Play":1780,"FPS":1165,"Multiplayer":1122,"Shooter":1009,"Action":973,"Co-op":843,"First-Person":723,"Online Co-Op":587,"War":575,"PvP":480,"Military":422,"Massively Multiplayer":388,"Team-Based":376,"Tactical":369,"Zombies":293,"Adventure":270,"Strategy":243,"Open World":233,"Great Soundtrack":201,"Simulation":199}},
"333930":{"appid":333930,"name":"Dirty Bomb","developer":"Splash Damage\u00ae","publisher":"Warchest Ltd.","score_rank":45,"owners":7687193,"owners_variance":93698,"players_forever":5237185,"players_forever_variance":77553,"players_2weeks":245213,"players_2weeks_variance":16875,"average_forever":687,"average_2weeks":265,"median_forever":62,"median_2weeks":55,"ccu":4289,"price":"0","tags":{"Free to Play":1524,"FPS":933,"Multiplayer":789,"Shooter":756,"Action":658,"Team-Based":565,"First-Person":492,"Fast-Paced":345,"Co-op":337,"Class-Based":319,"PvP":318,"Competitive":257,"Massively Multiplayer":240,"Parkour":224,"Post-apocalyptic":192,"Controller":183,"Singleplayer":172,"Open World":165,"Gore":151,"Female Protagonist":116}},
"360":{"appid":360,"name":"Half-Life Deathmatch: Source","developer":"Valve","publisher":"Valve","score_rank":33,"owners":7593417,"owners_variance":93134,"players_forever":444904,"players_forever_variance":22726,"players_2weeks":4249,"players_2weeks_variance":2221,"average_forever":88,"average_2weeks":212,"median_forever":10,"median_2weeks":25,"ccu":18,"price":"999","tags":{"Action":89,"FPS":82,"Multiplayer":69,"Shooter":47,"Sci-fi":47,"First-Person":34,"Classic":28}},
"291550":{"appid":291550,"name":"Brawlhalla","developer":"Blue Mammoth Games","publisher":"Blue Mammoth Games","score_rank":62,"owners":7445622,"owners_variance":92239,"players_forever":6827733,"players_forever_variance":88391,"players_2weeks":485571,"players_2weeks_variance":23740,"average_forever":814,"average_2weeks":259,"median_forever":135,"median_2weeks":54,"ccu":8650,"price":"0","tags":{"Early Access":855,"Free to Play":777,"Fighting":570,"Multiplayer":567,"2D":472,"2D Fighter":395,"Action":392,"Local Multiplayer":315,"Platformer":265,"Beat 'em up":239,"Controller":233,"Co-op":233,"Local Co-Op":220,"Indie":213,"Online Co-Op":203,"4 Player Local":191,"Massively Multiplayer":163,"Singleplayer":159,"Survival":90,"Adventure":79}},
"407530":{"appid":407530,"name":"ARK: Survival Of The Fittest","developer":"Studio Wildcard, Instinct Games, Efecto Studios, Virtual Basement LLC","publisher":"Studio Wildcard","score_rank":15,"owners":7404348,"owners_variance":91987,"players_forever":1945015,"players_forever_variance":47437,"players_2weeks":32473,"players_2weeks_variance":6142,"average_forever":274,"average_2weeks":180,"median_forever":24,"median_2weeks":11,"ccu":93,"price":"0","tags":{"Free to Play":1090,"Survival":833,"Dinosaurs":719,"Multiplayer":577,"Open World":504,"Action":452,"Adventure":447,"Massively Multiplayer":438,"PvP":339,"Dragons":338,"Crafting":295,"RPG":282,"First-Person":260,"Strategy":251,"Singleplayer":251,"Exploration":230,"FPS":227,"Sandbox":210,"Indie":204,"Co-op":20}},
"433850":{"appid":433850,"name":"H1Z1: King of the Kill","developer":"Daybreak Game Company","publisher":"Daybreak Game Company","score_rank":20,"owners":7116648,"owners_variance":90212,"players_forever":6019258,"players_forever_variance":83069,"players_2weeks":1629697,"players_2weeks_variance":43437,"average_forever":5031,"average_2weeks":796,"median_forever":1106,"median_2weeks":244,"ccu":103028,"price":"1999","tags":{"Early Access":1448,"Survival":1316,"Massively Multiplayer":973,"Multiplayer":827,"Open World":795,"PvP":659,"Action":571,"FPS":500,"Shooter":464,"Third-Person Shooter":403,"Adventure":345,"Co-op":331,"Zombies":325,"Online Co-Op":290,"Violent":239,"First-Person":233,"Gore":181,"Walking Simulator":180,"Horror":117,"Nudity":96}},
"439700":{"appid":439700,"name":"H1Z1: King of the Kill Test Server","developer":"Daybreak Game Company","publisher":"Daybreak Game Company","score_rank":11,"owners":7116648,"owners_variance":90212,"players_forever":1313469,"players_forever_variance":39010,"players_2weeks":176323,"players_2weeks_variance":14311,"average_forever":97,"average_2weeks":190,"median_forever":17,"median_2weeks":88,"ccu":308,"price":"0","tags":{"Massively Multiplayer":307,"Survival":249,"Free to Play":216,"Multiplayer":146,"Shooter":141,"Action":121,"Open World":121,"Zombies":107,"FPS":100,"Adventure":76,"Co-op":63,"PvP":21,"Beat 'em up":20}},
"380":{"appid":380,"name":"Half-Life 2: Episode One","developer":"Valve","publisher":"Valve","score_rank":89,"owners":7093886,"owners_variance":90070,"players_forever":2718286,"players_forever_variance":56031,"players_2weeks":24886,"players_2weeks_variance":5377,"average_forever":301,"average_2weeks":158,"median_forever":201,"median_2weeks":86,"ccu":162,"price":"799","tags":{"FPS":407,"Action":330,"Sci-fi":308,"Singleplayer":244,"First-Person":188,"Story Rich":180,"Shooter":173,"Classic":157,"Dystopian ":151,"Adventure":150,"Aliens":138,"Zombies":130,"Episodic":103,"Atmospheric":93,"Short":89,"Great Soundtrack":87,"Silent Protagonist":86,"Cinematic":62,"Puzzle":62,"Moddable":49}},
"322330":{"appid":322330,"name":"Don't Starve Together","developer":"Klei Entertainment","publisher":"Klei Entertainment","score_rank":95,"owners":6751559,"owners_variance":87904,"players_forever":5370413,"players_forever_variance":78521,"players_2weeks":327457,"players_2weeks_variance":19499,"average_forever":1534,"average_2weeks":345,"median_forever":520,"median_2weeks":121,"ccu":9093,"price":"1499","tags":{"Survival":1596,"Multiplayer":1189,"Co-op":999,"Open World":927,"Adventure":899,"Crafting":755,"Sandbox":597,"Indie":451,"Difficult":415,"Survival Horror":332,"2D":331,"Strategy":326,"Atmospheric":323,"Online Co-Op":322,"Simulation":279,"Funny":263,"Action":257,"Singleplayer":243,"Horror":216,"Rogue-like":180}},
"300":{"appid":300,"name":"Day of Defeat: Source","developer":"Valve","publisher":"Valve","score_rank":74,"owners":6877504,"owners_variance":88707,"players_forever":3084285,"players_forever_variance":59659,"players_2weeks":33686,"players_2weeks_variance":6256,"average_forever":2033,"average_2weeks":403,"median_forever":101,"median_2weeks":94,"ccu":839,"price":"999","tags":{"FPS":260,"World War II":245,"Multiplayer":207,"Action":204,"Shooter":144,"Team-Based":139,"Military":126,"War":99,"Class-Based":87,"First-Person":79,"Historical":79,"Tactical":66,"Classic":64,"Realistic":56,"Strategy":26,"Massively Multiplayer":19,"Gore":18,"Online Co-Op":16,"Simulation":15,"Comedy":12}},
"70":{"appid":70,"name":"Half-Life","developer":"Valve","publisher":"Valve","score_rank":95,"owners":6668709,"owners_variance":87371,"players_forever":2625421,"players_forever_variance":55071,"players_2weeks":48861,"players_2weeks_variance":7534,"average_forever":552,"average_2weeks":246,"median_forever":90,"median_2weeks":21,"ccu":526,"price":"999","tags":{"FPS":838,"Classic":791,"Action":701,"Sci-fi":594,"Singleplayer":447,"Shooter":437,"Aliens":366,"First-Person":363,"Multiplayer":319,"1990's":307,"Story Rich":262,"Adventure":258,"Atmospheric":216,"Silent Protagonist":192,"Great Soundtrack":134,"Moddable":131,"Linear":95,"Retro":78,"Difficult":74,"Funny":32}},
"386360":{"appid":386360,"name":"SMITE","developer":"Hi-Rez Studios","publisher":"Hi-Rez Studios","score_rank":56,"owners":6602549,"owners_variance":86943,"players_forever":4871186,"players_forever_variance":74825,"players_2weeks":279810,"players_2weeks_variance":18026,"average_forever":2261,"average_2weeks":748,"median_forever":156,"median_2weeks":189,"ccu":11961,"price":"0","tags":{"Free to Play":1258,"MOBA":649,"Multiplayer":525,"Action":483,"Third Person":469,"Mythology":384,"Team-Based":360,"Competitive":315,"Strategy":309,"Co-op":276,"PvP":258,"Massively Multiplayer":232,"e-sports":155,"RPG":152,"Adventure":143,"MMORPG":142,"Funny":128,"Survival":108,"Casual":102,"Nudity":73}},
"420":{"appid":420,"name":"Half-Life 2: Episode Two","developer":"Valve","publisher":"Valve","score_rank":95,"owners":6507863,"owners_variance":86327,"players_forever":2428765,"players_forever_variance":52980,"players_2weeks":28224,"players_2weeks_variance":5726,"average_forever":446,"average_2weeks":196,"median_forever":302,"median_2weeks":80,"ccu":261,"price":"799","tags":{"FPS":501,"Action":415,"Sci-fi":360,"Singleplayer":290,"Shooter":247,"First-Person":223,"Story Rich":218,"Classic":204,"Adventure":179,"Aliens":177,"Atmospheric":147,"Zombies":139,"Silent Protagonist":125,"Great Soundtrack":124,"Dystopian ":119,"Post-apocalyptic":95,"Puzzle":84,"Episodic":77,"Horror":69,"Multiplayer":55}},
"489830":{"appid":489830,"name":"The Elder Scrolls V: Skyrim Special Edition","developer":"Bethesda Game Studios","publisher":"Bethesda Softworks","score_rank":39,"owners":6353998,"owners_variance":85315,"players_forever":2974121,"players_forever_variance":58592,"players_2weeks":372372,"players_2weeks_variance":20792,"average_forever":1918,"average_2weeks":558,"median_forever":395,"median_2weeks":143,"ccu":13155,"price":"3999","tags":{"Open World":1134,"RPG":1007,"Adventure":840,"Singleplayer":800,"Fantasy":799,"Dragons":708,"Moddable":648,"Character Customization":619,"Story Rich":573,"First-Person":565,"Atmospheric":563,"Magic":548,"Action":537,"Great Soundtrack":536,"Third Person":406,"Remake":385,"Stealth":373,"Classic":335,"Walking Simulator":205,"Female Protagonist":174}},
"252950":{"appid":252950,"name":"Rocket League","developer":"Psyonix, Inc.","publisher":"Psyonix, Inc.","score_rank":81,"owners":6253545,"owners_variance":84647,"players_forever":5984054,"players_forever_variance":82829,"players_2weeks":1306489,"players_2weeks_variance":38906,"average_forever":5342,"average_2weeks":450,"median_forever":1189,"median_2weeks":172,"ccu":49745,"price":"1999","tags":{"Multiplayer":2310,"Racing":1911,"Soccer":1821,"Sports":1665,"Competitive":1512,"Team-Based":1476,"Online Co-Op":1234,"Football":1198,"Action":1019,"Co-op":946,"Fast-Paced":916,"Funny":860,"Local Multiplayer":839,"Great Soundtrack":838,"Split Screen":795,"Local Co-Op":789,"Singleplayer":730,"4 Player Local":711,"Casual":549,"Indie":521}},
"252490":{"appid":252490,"name":"Rust","developer":"Facepunch Studios","publisher":"Facepunch Studios","score_rank":47,"owners":5981626,"owners_variance":82812,"players_forever":5711224,"players_forever_variance":80943,"players_2weeks":528665,"players_2weeks_variance":24770,"average_forever":6792,"average_2weeks":872,"median_forever":1472,"median_2weeks":238,"ccu":30084,"price":"1999","tags":{"Early Access":9699,"Survival":8817,"Crafting":5816,"Multiplayer":5613,"Open World":5003,"Sandbox":3947,"PvP":3488,"Building":3471,"Adventure":3115,"First-Person":2236,"Action":2223,"FPS":2050,"Indie":1935,"Nudity":1879,"Co-op":1596,"Shooter":1514,"Online Co-Op":1420,"Simulation":1195,"Post-apocalyptic":1121,"Survival Horror":906}},
"50":{"appid":50,"name":"Half-Life: Opposing Force","developer":"Gearbox Software","publisher":"Valve","score_rank":92,"owners":6010457,"owners_variance":83009,"players_forever":816366,"players_forever_variance":30771,"players_2weeks":10622,"players_2weeks_variance":3513,"average_forever":419,"average_2weeks":228,"median_forever":100,"median_2weeks":66,"ccu":118,"price":"499","tags":{"FPS":211,"Action":189,"Sci-fi":146,"Singleplayer":130,"Classic":129,"Shooter":123,"First-Person":107,"Aliens":104,"Adventure":73,"1990's":61,"Atmospheric":55,"Military":35,"Story Rich":25,"Silent Protagonist":15,"Co-op":15,"Great Soundtrack":13,"Puzzle":9,"Indie":5}},
"20":{"appid":20,"name":"Team Fortress Classic","developer":"Valve","publisher":"Valve","score_rank":54,"owners":6007422,"owners_variance":82988,"players_forever":849749,"players_forever_variance":31393,"players_2weeks":5766,"players_2weeks_variance":2588,"average_forever":721,"average_2weeks":243,"median_forever":14,"median_2weeks":145,"ccu":78,"price":"499","tags":{"Action":197,"FPS":176,"Multiplayer":155,"Classic":140,"Shooter":120,"Class-Based":112,"Team-Based":102,"First-Person":96,"1990's":57,"Co-op":53,"Competitive":39,"Fast-Paced":33,"Online Co-Op":18,"Remake":18,"Retro":18,"Funny":15,"Mod":15,"Adventure":14,"Story Rich":10,"Casual":9}},
"130":{"appid":130,"name":"Half-Life: Blue Shift","developer":"Gearbox Software","publisher":"Valve","score_rank":74,"owners":5977984,"owners_variance":82787,"players_forever":767505,"players_forever_variance":29838,"players_2weeks":7587,"players_2weeks_variance":2969,"average_forever":282,"average_2weeks":152,"median_forever":68,"median_2weeks":45,"ccu":65,"price":"499","tags":{"FPS":198,"Action":174,"Sci-fi":136,"Singleplayer":124,"Shooter":95,"Aliens":94,"First-Person":84,"Classic":73,"Adventure":61,"Zombies":56,"Short":50,"1990's":43,"Atmospheric":40,"Story Rich":15,"Silent Protagonist":14,"Puzzle":6}},
"208090":{"appid":208090,"name":"Loadout","developer":"Edge of Reality","publisher":"Edge of Reality","score_rank":62,"owners":5911218,"owners_variance":82330,"players_forever":3609005,"players_forever_variance":64497,"players_2weeks":25492,"players_2weeks_variance":5442,"average_forever":386,"average_2weeks":71,"median_forever":112,"median_2weeks":22,"ccu":138,"price":"0","tags":{"Free to Play":3034,"Third-Person Shooter":1744,"Action":1717,"Gore":1485,"Multiplayer":1410,"Gun Customization":1340,"Shooter":1018,"Funny":989,"Fast-Paced":930,"Indie":551,"Comedy":533,"Mature":514,"Character Customization":467,"Third Person":313,"Cartoony":212,"Massively Multiplayer":206,"Co-op":198,"Crafting":164,"Arena Shooter":158,"Casual":95}},
"219640":{"appid":219640,"name":"Chivalry: Medieval Warfare","developer":"Torn Banner Studios","publisher":"Torn Banner Studios","score_rank":54,"owners":6006208,"owners_variance":82980,"players_forever":4841445,"players_forever_variance":74599,"players_2weeks":82244,"players_2weeks_variance":9774,"average_forever":1045,"average_2weeks":188,"median_forever":249,"median_2weeks":49,"ccu":1134,"price":"2499","tags":{"Medieval":1310,"Multiplayer":908,"Action":870,"Gore":722,"First-Person":715,"Violent":484,"Swordplay":419,"PvP":333,"Indie":311,"Third Person":301,"Competitive":283,"Team-Based":260,"Hack and Slash":201,"FPS":191,"Class-Based":189,"Historical":187,"Co-op":185,"Atmospheric":183,"Simulation":163,"Difficult":151}},
"273350":{"appid":273350,"name":"Evolve Stage 2","developer":"Turtle Rock Studios","publisher":"2K","score_rank":23,"owners":5871765,"owners_variance":82058,"players_forever":4072422,"players_forever_variance":68477,"players_2weeks":58269,"players_2weeks_variance":8228,"average_forever":525,"average_2weeks":114,"median_forever":109,"median_2weeks":40,"ccu":576,"price":"0","tags":{"Action":1244,"Multiplayer":909,"Co-op":882,"FPS":743,"Online Co-Op":705,"Shooter":688,"Team-Based":624,"Survival":568,"Sci-fi":505,"Aliens":479,"PvP":453,"First-Person":419,"Class-Based":383,"Strategy":319,"Atmospheric":303,"Third Person":288,"Tactical":267,"Singleplayer":209,"Stealth":150,"Casual":65}},
"226320":{"appid":226320,"name":"Marvel Heroes Omega","developer":"Gazillion Entertainment","publisher":"Gazillion Entertainment","score_rank":35,"owners":5718507,"owners_variance":80994,"players_forever":2694311,"players_forever_variance":55785,"players_2weeks":37935,"players_2weeks_variance":6639,"average_forever":1733,"average_2weeks":452,"median_forever":67,"median_2weeks":51,"ccu":612,"price":"0","tags":{"Free to Play":1797,"Superhero":876,"Action":610,"Massively Multiplayer":592,"Multiplayer":533,"RPG":464,"Action RPG":437,"Comic Book":337,"Hack and Slash":290,"Adventure":224,"Co-op":213,"Online Co-Op":207,"MMORPG":201,"Fighting":173,"Third Person":158,"Isometric":120,"Singleplayer":120,"Loot":117,"Strategy":101,"MOBA":91}},
"346110":{"appid":346110,"name":"ARK: Survival Evolved","developer":"Studio Wildcard, Instinct Games, Efecto Studios, Virtual Basement LLC","publisher":"Studio Wildcard","score_rank":23,"owners":5489682,"owners_variance":79378,"players_forever":5245682,"players_forever_variance":77615,"players_2weeks":590879,"players_2weeks_variance":26185,"average_forever":7935,"average_2weeks":1109,"median_forever":1073,"median_2weeks":329,"ccu":58939,"price":"5999","tags":{"Survival":6762,"Dinosaurs":5604,"Open World":5454,"Multiplayer":5321,"Crafting":4615,"Building":4346,"Adventure":4059,"Base-Building":3266,"Co-op":3090,"Action":3072,"First-Person":2956,"Sandbox":2561,"Massively Multiplayer":2480,"Singleplayer":2283,"Dragons":1921,"RPG":1808,"Sci-fi":1553,"MMORPG":1340,"Indie":1311,"Free to Play":468}},
"10180":{"appid":10180,"name":"Call of Duty: Modern Warfare 2","developer":"Infinity Ward, Aspyr (Mac)","publisher":"Activision, Aspyr (Mac)","score_rank":77,"owners":5503642,"owners_variance":79477,"players_forever":4880594,"players_forever_variance":74896,"players_2weeks":68587,"players_2weeks_variance":8926,"average_forever":1510,"average_2weeks":204,"median_forever":571,"median_2weeks":49,"ccu":703,"price":"1999","tags":{"Action":955,"FPS":826,"Multiplayer":743,"Shooter":514,"First-Person":446,"Singleplayer":390,"War":315,"Co-op":308,"Military":294,"Online Co-Op":275,"PvP":250,"Great Soundtrack":187,"Adventure":138,"Atmospheric":123,"Story Rich":122,"Linear":108,"Tactical":98,"Strategy":94,"Moddable":85,"Zombies":74}},
"10190":{"appid":10190,"name":"Call of Duty: Modern Warfare 2","developer":"Infinity Ward, Aspyr (Mac)","publisher":"Activision, Aspyr (Mac)","score_rank":77,"owners":5503642,"owners_variance":79477,"players_forever":4829609,"players_forever_variance":74508,"players_2weeks":127462,"players_2weeks_variance":12168,"average_forever":8664,"average_2weeks":209,"median_forever":2232,"median_2weeks":37,"ccu":1908,"price":"1999","tags":{"Action":955,"FPS":826,"Multiplayer":743,"Shooter":514,"First-Person":446,"Singleplayer":390,"War":315,"Co-op":308,"Military":294,"Online Co-Op":275,"PvP":250,"Great Soundtrack":187,"Adventure":138,"Atmospheric":123,"Story Rich":122,"Linear":108,"Tactical":98,"Strategy":94,"Moddable":85,"Zombies":74}},
"500":{"appid":500,"name":"Left 4 Dead","developer":"Valve","publisher":"Valve","score_rank":92,"owners":5421095,"owners_variance":78886,"players_forever":3477901,"players_forever_variance":63324,"players_2weeks":34293,"players_2weeks_variance":6312,"average_forever":2254,"average_2weeks":186,"median_forever":389,"median_2weeks":34,"ccu":476,"price":"1999","tags":{"Zombies":949,"Co-op":651,"FPS":594,"Action":567,"Multiplayer":545,"Shooter":371,"Team-Based":344,"Online Co-Op":341,"First-Person":316,"Horror":292,"Post-apocalyptic":266,"Survival":263,"Singleplayer":184,"Atmospheric":143,"Tactical":142,"Adventure":140,"Competitive":138,"Moddable":124,"Female Protagonist":120,"Replay Value":113}},
"113400":{"appid":113400,"name":"APB Reloaded","developer":"Reloaded Productions","publisher":"Reloaded Games","score_rank":20,"owners":5262070,"owners_variance":77735,"players_forever":3279728,"players_forever_variance":61507,"players_2weeks":45219,"players_2weeks_variance":7248,"average_forever":1604,"average_2weeks":362,"median_forever":137,"median_2weeks":82,"ccu":1111,"price":"0","tags":{"Free to Play":1274,"Action":703,"Open World":703,"Character Customization":661,"Multiplayer":652,"Massively Multiplayer":579,"Third-Person Shooter":470,"Shooter":458,"PvP":359,"Crime":325,"Third Person":324,"Co-op":251,"Racing":227,"Sandbox":215,"FPS":181,"Adventure":174,"Hacking":165,"Singleplayer":160,"Nudity":147,"Anime":86}},
"1250":{"appid":1250,"name":"Killing Floor","developer":"Tripwire Interactive","publisher":"Tripwire Interactive","score_rank":92,"owners":5259339,"owners_variance":77715,"players_forever":3912184,"players_forever_variance":67129,"players_2weeks":87099,"players_2weeks_variance":10059,"average_forever":2154,"average_2weeks":291,"median_forever":375,"median_2weeks":50,"ccu":1010,"price":"1999","tags":{"FPS":1103,"Zombies":1096,"Co-op":1070,"Survival":855,"Action":809,"Horror":711,"Multiplayer":709,"Online Co-Op":646,"Shooter":519,"Gore":508,"Team-Based":400,"First-Person":316,"Moddable":270,"Survival Horror":231,"Great Soundtrack":187,"Class-Based":147,"Singleplayer":146,"Difficult":135,"Comedy":94,"Adventure":92}},
"22380":{"appid":22380,"name":"Fallout: New Vegas","developer":"Obsidian Entertainment","publisher":"Bethesda Softworks","score_rank":92,"owners":5254483,"owners_variance":77679,"players_forever":4594411,"players_forever_variance":72691,"players_2weeks":202119,"players_2weeks_variance":15321,"average_forever":3709,"average_2weeks":482,"median_forever":1300,"median_2weeks":114,"ccu":5249,"price":"999","tags":{"Open World":2501,"RPG":2371,"Post-apocalyptic":2252,"Singleplayer":1447,"Moddable":1373,"Action":1127,"First-Person":1124,"Exploration":1108,"Adventure":981,"Sci-fi":930,"Story Rich":887,"FPS":884,"Atmospheric":749,"Western":695,"Sandbox":665,"Action RPG":645,"Survival":607,"Character Customization":521,"Shooter":469,"Third Person":378}},
"363970":{"appid":363970,"name":"Clicker Heroes","developer":"Playsaurus","publisher":"Playsaurus","score_rank":74,"owners":5250842,"owners_variance":77653,"players_forever":4054517,"players_forever_variance":68328,"players_2weeks":127766,"players_2weeks_variance":12182,"average_forever":6229,"average_2weeks":1552,"median_forever":386,"median_2weeks":61,"ccu":8404,"price":"0","tags":{"Clicker":710,"Free to Play":542,"Casual":270,"Singleplayer":255,"Indie":156,"2D":105,"RPG":97,"Adventure":85,"Funny":78,"Fantasy":63,"Simulation":61,"Strategy":55,"Multiplayer":50,"Family Friendly":48,"Action":37,"Touch-Friendly":36,"Illuminati":32,"Management":22,"Co-op":10,"Memes":7}},
"8870":{"appid":8870,"name":"BioShock Infinite","developer":"Irrational Games, Aspyr (Mac), Virtual Programming (Linux)","publisher":"2K Games, Aspyr (Mac)","score_rank":92,"owners":5131877,"owners_variance":76778,"players_forever":3862109,"players_forever_variance":66701,"players_2weeks":76477,"players_2weeks_variance":9426,"average_forever":898,"average_2weeks":296,"median_forever":641,"median_2weeks":90,"ccu":996,"price":"2999","tags":{"FPS":2197,"Action":1831,"Story Rich":1816,"Singleplayer":1429,"Steampunk":1356,"Atmospheric":1245,"Shooter":1200,"First-Person":1114,"Alternate History":774,"Adventure":639,"Great Soundtrack":539,"Dystopian ":480,"Sci-fi":350,"Time Travel":249,"Fantasy":194,"Linear":179,"Gore":171,"RPG":149,"Political":130,"Controller":79}},
"109600":{"appid":109600,"name":"Neverwinter","developer":"Cryptic Studios","publisher":"Perfect World Entertainment","score_rank":43,"owners":5196822,"owners_variance":77257,"players_forever":3339210,"players_forever_variance":62058,"players_2weeks":64642,"players_2weeks_variance":8666,"average_forever":1669,"average_2weeks":822,"median_forever":290,"median_2weeks":192,"ccu":3255,"price":"0","tags":{"Free to Play":1284,"MMORPG":777,"RPG":638,"Massively Multiplayer":584,"Adventure":470,"Action":443,"Fantasy":386,"Multiplayer":377,"Open World":268,"Character Customization":231,"Co-op":182,"Dragons":174,"PvP":173,"Third Person":128,"Action RPG":126,"PvE":103,"Atmospheric":82,"Hack and Slash":69,"Zombies":57,"Comedy":36}},
"253710":{"appid":253710,"name":"theHunter Classic","developer":"Expansive Worlds, Avalanche Studios","publisher":"Expansive Worlds, Avalanche Studios","score_rank":5,"owners":5129752,"owners_variance":76763,"players_forever":3257877,"players_forever_variance":61303,"players_2weeks":43398,"players_2weeks_variance":7100,"average_forever":438,"average_2weeks":541,"median_forever":39,"median_2weeks":33,"ccu":806,"price":"0","tags":{"Free to Play":1432,"Hunting":1348,"Multiplayer":825,"Open World":810,"Simulation":778,"Shooter":497,"Co-op":453,"First-Person":431,"Survival":383,"Realistic":382,"Sports":325,"Online Co-Op":318,"Adventure":318,"FPS":302,"Singleplayer":286,"Action":280,"Stealth":232,"Strategy":195,"Massively Multiplayer":152,"Casual":149}},
"20920":{"appid":20920,"name":"The Witcher 2: Assassins of Kings Enhanced Edition","developer":"CD PROJEKT RED","publisher":"CD PROJEKT RED, 1C-SoftClub","score_rank":68,"owners":5138250,"owners_variance":76825,"players_forever":3571374,"players_forever_variance":64163,"players_2weeks":58269,"players_2weeks_variance":8228,"average_forever":934,"average_2weeks":210,"median_forever":294,"median_2weeks":59,"ccu":1705,"price":"1999","tags":{"RPG":3110,"Fantasy":1931,"Mature":1519,"Choices Matter":1306,"Story Rich":1282,"Third Person":1235,"Singleplayer":1217,"Dark Fantasy":1168,"Adventure":1144,"Nudity":1116,"Multiple Endings":843,"Action":759,"Atmospheric":707,"Based On A Novel":658,"Open World":624,"Difficult":550,"Dark":475,"Medieval":432,"Magic":423,"Nonlinear":324}},
"630":{"appid":630,"name":"Alien Swarm","developer":"Valve","publisher":"Valve","score_rank":92,"owners":5184683,"owners_variance":77168,"players_forever":5184683,"players_forever_variance":77168,"players_2weeks":16691,"players_2weeks_variance":4403,"average_forever":306,"average_2weeks":145,"median_forever":92,"median_2weeks":35,"ccu":105,"price":"0","tags":{"Free to Play":728,"Co-op":600,"Action":481,"Multiplayer":420,"Online Co-Op":359,"Aliens":353,"Shooter":342,"Sci-fi":310,"Top-Down":278,"Top-Down Shooter":225,"Survival":183,"Third Person":168,"Class-Based":163,"PvE":158,"Team-Based":148,"Third-Person Shooter":129,"Moddable":115,"Strategy":84,"Adventure":81,"Singleplayer":75}},
"203160":{"appid":203160,"name":"Tomb Raider","developer":"Crystal Dynamics, Feral Interactive (Mac), Feral Interactive (Linux)","publisher":"Square Enix, Feral Interactive (Mac), Feral Interactive (Linux)","score_rank":92,"owners":5027783,"owners_variance":76005,"players_forever":4207471,"players_forever_variance":69593,"players_2weeks":65856,"players_2weeks_variance":8747,"average_forever":968,"average_2weeks":166,"median_forever":657,"median_2weeks":37,"ccu":870,"price":"1999","tags":{"Adventure":1857,"Action":1726,"Female Protagonist":1095,"Third Person":972,"Third-Person Shooter":809,"Singleplayer":791,"Lara Croft":730,"Story Rich":651,"Quick-Time Events":613,"Exploration":544,"Multiplayer":511,"Atmospheric":487,"Shooter":407,"Action-Adventure":382,"Puzzle":375,"Stealth":371,"Platformer":317,"Cinematic":284,"RPG":176,"3D Vision":173}},
"377160":{"appid":377160,"name":"Fallout 4","developer":"Bethesda Game Studios","publisher":"Bethesda Softworks","score_rank":35,"owners":4923992,"owners_variance":75225,"players_forever":4718231,"players_forever_variance":73653,"players_2weeks":546874,"players_2weeks_variance":25193,"average_forever":6984,"average_2weeks":729,"median_forever":3437,"median_2weeks":203,"ccu":23822,"price":"2999","tags":{"Open World":6384,"Post-apocalyptic":6343,"Exploration":4865,"Singleplayer":4576,"RPG":4162,"Atmospheric":4060,"Adventure":3871,"Shooter":3500,"Story Rich":3261,"First-Person":3242,"Sci-fi":2825,"Action":2810,"FPS":2647,"Action RPG":2464,"Great Soundtrack":2365,"Third Person":2280,"Sandbox":2250,"Third-Person Shooter":1789,"Survival":1522,"Casual":710}},
"319630":{"appid":319630,"name":"Life is Strange - Episode 1","developer":"DONTNOD Entertainment, Feral Interactive (Mac), Feral Interactive (Linux)","publisher":"Square Enix, Feral interactive (Mac), Feral Interactive (Linux)","score_rank":95,"owners":4860261,"owners_variance":74742,"players_forever":3061221,"players_forever_variance":59437,"players_2weeks":74960,"players_2weeks_variance":9332,"average_forever":535,"average_2weeks":293,"median_forever":164,"median_2weeks":79,"ccu":1753,"price":"0","tags":{"Story Rich":3972,"Choices Matter":3342,"Great Soundtrack":3008,"Time Travel":2700,"Female Protagonist":2691,"Atmospheric":2509,"Episodic":2240,"Singleplayer":2039,"Adventure":1795,"Time Manipulation":1746,"Mystery":1659,"Multiple Endings":1598,"Third Person":1261,"Point & Click":947,"Indie":770,"Walking Simulator":571,"Casual":507,"Action":465,"Memes":363,"Short":109}},
"221380":{"appid":221380,"name":"Age of Empires II HD","developer":"Skybox Labs, Hidden Path Entertainment, Ensemble Studios","publisher":"Microsoft Studios","score_rank":86,"owners":4578023,"owners_variance":72562,"players_forever":4151024,"players_forever_variance":69129,"players_2weeks":332009,"players_2weeks_variance":19634,"average_forever":2500,"average_2weeks":416,"median_forever":576,"median_2weeks":151,"ccu":10986,"price":"1999","tags":{"Strategy":1383,"RTS":1123,"Classic":738,"Medieval":737,"Multiplayer":731,"Historical":514,"Singleplayer":427,"Base-Building":336,"Resource Management":300,"City Builder":285,"Co-op":256,"Competitive":255,"Tactical":248,"Real-Time":204,"Remake":179,"Replay Value":162,"2D":131,"Action":119,"Adventure":117,"Isometric":113}},
"43110":{"appid":43110,"name":"Metro 2033","developer":"4A Games","publisher":"Deep Silver","score_rank":81,"owners":4754345,"owners_variance":73932,"players_forever":3115240,"players_forever_variance":59956,"players_2weeks":10015,"players_2weeks_variance":3411,"average_forever":453,"average_2weeks":101,"median_forever":154,"median_2weeks":46,"ccu":106,"price":"1499","tags":{"FPS":762,"Post-apocalyptic":737,"Action":569,"Atmospheric":556,"Horror":472,"Singleplayer":371,"Based On A Novel":321,"Shooter":299,"Story Rich":268,"First-Person":205,"Sci-fi":193,"Linear":163,"Stealth":148,"Adventure":139,"Dark":94,"Survival Horror":90,"Great Soundtrack":87,"Survival":87,"3D Vision":47,"Benchmark":30}},
"12210":{"appid":12210,"name":"Grand Theft Auto IV","developer":"Rockstar North, Rockstar Toronto","publisher":"Rockstar Games","score_rank":21,"owners":4530983,"owners_variance":72192,"players_forever":3857860,"players_forever_variance":66665,"players_2weeks":73139,"players_2weeks_variance":9218,"average_forever":1431,"average_2weeks":329,"median_forever":447,"median_2weeks":44,"ccu":1092,"price":"1999","tags":{"Open World":1609,"Action":1345,"Bowling":989,"Multiplayer":893,"Third Person":791,"Adventure":728,"Crime":674,"Sandbox":586,"Third-Person Shooter":570,"Moddable":562,"Singleplayer":548,"Shooter":451,"Physics":393,"Atmospheric":318,"Classic":288,"Funny":280,"Dark Humor":267,"Co-op":252,"Gore":247,"Satire":218}},
"24240":{"appid":24240,"name":"PAYDAY The Heist","developer":"OVERKILL Software","publisher":"Daybreak Game Company","score_rank":86,"owners":4500331,"owners_variance":71950,"players_forever":3511284,"players_forever_variance":63625,"players_2weeks":16085,"players_2weeks_variance":4323,"average_forever":505,"average_2weeks":171,"median_forever":177,"median_2weeks":51,"ccu":110,"price":"1499","tags":{"FPS":792,"Action":715,"Co-op":629,"Heist":563,"Crime":522,"Multiplayer":517,"Online Co-Op":509,"Shooter":409,"First-Person":320,"Great Soundtrack":309,"Team-Based":300,"Difficult":237,"Stealth":234,"Tactical":229,"Strategy":162,"Singleplayer":138,"Simulation":111,"RPG":88,"Indie":81,"Adventure":65}},
"8190":{"appid":8190,"name":"Just Cause 2","developer":"Avalanche Studios","publisher":"Square Enix","score_rank":81,"owners":4516112,"owners_variance":72075,"players_forever":3592010,"players_forever_variance":64346,"players_2weeks":47343,"players_2weeks_variance":7416,"average_forever":973,"average_2weeks":126,"median_forever":220,"median_2weeks":38,"ccu":479,"price":"1499","tags":{"Open World":1267,"Action":1068,"Sandbox":691,"Third Person":680,"Multiplayer":618,"Adventure":599,"Third-Person Shooter":554,"Shooter":507,"Singleplayer":477,"Exploration":353,"Destruction":328,"Funny":252,"Moddable":211,"Co-op":151,"Atmospheric":113,"3D Vision":111,"Comedy":100,"Physics":100,"Massively Multiplayer":72,"FPS":61}},
"339610":{"appid":339610,"name":"Freestyle2: Street Basketball","developer":"Joycity","publisher":"Joycity","score_rank":33,"owners":4568615,"owners_variance":72488,"players_forever":2271865,"players_forever_variance":51249,"players_2weeks":42791,"players_2weeks_variance":7051,"average_forever":890,"average_2weeks":561,"median_forever":70,"median_2weeks":71,"ccu":1166,"price":"0","tags":{"Free to Play":511,"Basketball":323,"Sports":271,"Multiplayer":157,"Massively Multiplayer":126,"Action":100,"Co-op":87,"Strategy":86,"Casual":77,"Competitive":69,"Simulation":57,"e-sports":57,"Singleplayer":55,"Controller":34,"Anime":27,"Great Soundtrack":25,"Open World":24,"Funny":22,"FPS":10}},
"219740":{"appid":219740,"name":"Don't Starve","developer":"Klei Entertainment","publisher":"Klei Entertainment","score_rank":97,"owners":4470590,"owners_variance":71714,"players_forever":3874552,"players_forever_variance":66808,"players_2weeks":113199,"players_2weeks_variance":11467,"average_forever":1483,"average_2weeks":397,"median_forever":377,"median_2weeks":73,"ccu":2303,"price":"1499","tags":{"Survival":2476,"Indie":1343,"Crafting":1320,"Adventure":1246,"Sandbox":1170,"Singleplayer":913,"Perma Death":862,"Rogue-like":677,"Exploration":646,"Open World":638,"Replay Value":491,"Moddable":477,"Multiplayer":473,"Simulation":408,"Difficult":349,"2D":305,"Top-Down":293,"Horror":266,"Survival Horror":262,"Action":216}},
"346900":{"appid":346900,"name":"AdVenture Capitalist","developer":"Hyper Hippo Games","publisher":"Hyper Hippo Games","score_rank":74,"owners":4512471,"owners_variance":72046,"players_forever":3547398,"players_forever_variance":63949,"players_2weeks":107433,"players_2weeks_variance":11171,"average_forever":2530,"average_2weeks":567,"median_forever":193,"median_2weeks":22,"ccu":2991,"price":"0","tags":{"Free to Play":733,"Clicker":485,"Casual":379,"Capitalism":377,"Singleplayer":341,"Indie":235,"Management":220,"Simulation":211,"Point & Click":156,"2D":143,"Funny":137,"Adventure":98,"Touch-Friendly":80,"Strategy":73,"Real-Time":64,"Comedy":54,"Memes":49,"Family Friendly":27,"Sandbox":26,"Great Soundtrack":26}},
"323370":{"appid":323370,"name":"TERA","developer":"Bluehole Inc., En Masse Entertainment","publisher":"En Masse Entertainment","score_rank":47,"owners":4407769,"owners_variance":71214,"players_forever":2623296,"players_forever_variance":55049,"players_2weeks":59482,"players_2weeks_variance":8313,"average_forever":1874,"average_2weeks":928,"median_forever":245,"median_2weeks":134,"ccu":1896,"price":"0","tags":{"Free to Play":747,"MMORPG":606,"Massively Multiplayer":399,"RPG":391,"Action":356,"Open World":330,"Adventure":310,"Fantasy":310,"Anime":245,"Third Person":185,"Action RPG":171,"Co-op":167,"PvP":155,"Multiplayer":154,"Character Customization":153,"Hack and Slash":132,"PvE":130,"Cute":115,"Controller":93,"Nudity":48}},
"55230":{"appid":55230,"name":"Saints Row: The Third","developer":"Volition","publisher":"Deep Silver","score_rank":95,"owners":4457237,"owners_variance":71608,"players_forever":3615682,"players_forever_variance":64556,"players_2weeks":88010,"players_2weeks_variance":10111,"average_forever":1608,"average_2weeks":295,"median_forever":884,"median_2weeks":121,"ccu":1264,"price":"999","tags":{"Open World":1249,"Action":1039,"Comedy":897,"Third-Person Shooter":716,"Co-op":689,"Sandbox":539,"Funny":495,"Third Person":477,"Online Co-Op":434,"Singleplayer":378,"Character Customization":362,"Great Soundtrack":316,"Shooter":267,"Crime":256,"Multiplayer":253,"Female Protagonist":231,"Adventure":208,"Zombies":170,"RPG":164,"Satire":159}},
"227300":{"appid":227300,"name":"Euro Truck Simulator 2","developer":"SCS Software","publisher":"SCS Software","score_rank":97,"owners":4438724,"owners_variance":71461,"players_forever":4158914,"players_forever_variance":69194,"players_2weeks":675247,"players_2weeks_variance":27990,"average_forever":4166,"average_2weeks":438,"median_forever":1253,"median_2weeks":160,"ccu":23354,"price":"1999","tags":{"Simulation":6486,"Driving":3695,"Open World":2787,"Realistic":2336,"Relaxing":1993,"Singleplayer":1662,"Exploration":1578,"Moddable":1539,"First-Person":1225,"Economy":1094,"Indie":921,"Adventure":883,"Atmospheric":843,"Management":721,"TrackIR":700,"Casual":685,"Sandbox":519,"Racing":486,"Action":484,"RPG":460}},
"33930":{"appid":33930,"name":"Arma 2: Operation Arrowhead","developer":"Bohemia Interactive","publisher":"Bohemia Interactive","score_rank":81,"owners":4420212,"owners_variance":71313,"players_forever":3859074,"players_forever_variance":66675,"players_2weeks":55234,"players_2weeks_variance":8010,"average_forever":3353,"average_2weeks":521,"median_forever":229,"median_2weeks":80,"ccu":1991,"price":"1999","tags":{"Simulation":254,"Action":212,"Military":197,"Multiplayer":189,"Strategy":183,"Tactical":170,"Realistic":159,"Shooter":132,"FPS":129,"Open World":125,"Moddable":99,"War":91,"First-Person":78,"Sandbox":74,"Team-Based":74,"Co-op":73,"Singleplayer":72,"Modern":64,"Difficult":54,"Third Person":53}},
"48000":{"appid":48000,"name":"LIMBO","developer":"Playdead","publisher":"Playdead","score_rank":89,"owners":4448132,"owners_variance":71536,"players_forever":2779893,"players_forever_variance":56658,"players_2weeks":18512,"players_2weeks_variance":4637,"average_forever":189,"average_2weeks":50,"median_forever":111,"median_2weeks":18,"ccu":110,"price":"999","tags":{"Indie":700,"Platformer":696,"Puzzle":665,"Dark":543,"Atmospheric":543,"Adventure":449,"2D":400,"Singleplayer":390,"Horror":314,"Puzzle-Platformer":273,"Surreal":201,"Short":185,"Difficult":151,"Side Scroller":128,"Physics":95,"Minimalist":90,"Casual":88,"Action":71,"Cinematic":70,"Controller":59}},
"241930":{"appid":241930,"name":"Middle-earth: Shadow of Mordor","developer":"Monolith Productions, Feral Interactive (Mac), Feral Interactive (Linux)","publisher":"WB Games, Feral Interactive (Mac)","score_rank":81,"owners":4297302,"owners_variance":70325,"players_forever":3518264,"players_forever_variance":63687,"players_2weeks":180572,"players_2weeks_variance":14482,"average_forever":1218,"average_2weeks":268,"median_forever":846,"median_2weeks":88,"ccu":3241,"price":"1999","tags":{"Action":1134,"Open World":1104,"Adventure":866,"Fantasy":851,"Third Person":759,"Stealth":695,"RPG":668,"Singleplayer":666,"Action RPG":462,"Assassin":439,"Gore":403,"Hack and Slash":389,"Parkour":381,"Atmospheric":362,"Story Rich":339,"Magic":328,"Lore-Rich":299,"Dark Fantasy":289,"Based On A Novel":228,"Sandbox":210}},
"555570":{"appid":555570,"name":"Infestation: The New Z","developer":"Fredaikis AB","publisher":"OP Productions LLC, Fredaikis AB","score_rank":7,"owners":4204740,"owners_variance":69570,"players_forever":3205678,"players_forever_variance":60814,"players_2weeks":167218,"players_2weeks_variance":13936,"average_forever":792,"average_2weeks":402,"median_forever":52,"median_2weeks":51,"ccu":4147,"price":"0","tags":{"Zombies":1157,"Free to Play":1021,"Survival":841,"Multiplayer":731,"Open World":720,"Massively Multiplayer":485,"FPS":422,"Action":393,"Shooter":370,"PvP":337,"Co-op":279,"Violent":259,"Survival Horror":240,"RPG":220,"Adventure":211,"Horror":207,"Third-Person Shooter":194,"PvE":180,"Walking Simulator":168,"Indie":160}},
"222880":{"appid":222880,"name":"Insurgency","developer":"New World Interactive","publisher":"New World Interactive","score_rank":77,"owners":4139188,"owners_variance":69031,"players_forever":3454533,"players_forever_variance":63113,"players_2weeks":248855,"players_2weeks_variance":17000,"average_forever":1127,"average_2weeks":192,"median_forever":283,"median_2weeks":53,"ccu":2526,"price":"999","tags":{"FPS":1901,"Realistic":1500,"Tactical":1354,"Multiplayer":1309,"Action":1202,"Shooter":1130,"Military":882,"Team-Based":774,"Co-op":668,"Strategy":629,"First-Person":611,"Online Co-Op":515,"Indie":511,"War":497,"Competitive":466,"Simulation":401,"PvP":352,"Atmospheric":303,"Singleplayer":258,"Adventure":145}},
"280790":{"appid":280790,"name":"Creativerse","developer":"Playful Corporation","publisher":"Playful Corporation","score_rank":47,"owners":4144347,"owners_variance":69074,"players_forever":3523727,"players_forever_variance":63737,"players_2weeks":124428,"players_2weeks_variance":12022,"average_forever":542,"average_2weeks":265,"median_forever":78,"median_2weeks":40,"ccu":2018,"price":"0","tags":{"Free to Play":1136,"Survival":913,"Multiplayer":888,"Open World":869,"Building":861,"Sandbox":805,"Crafting":728,"Adventure":614,"First-Person":388,"Massively Multiplayer":331,"Action":315,"Co-op":306,"Singleplayer":286,"RPG":233,"Indie":230,"Simulation":217,"Casual":206,"Voxel":187,"Zombies":109,"Funny":95}},
"272350":{"appid":272350,"name":"Tom Clancy's Ghost Recon Phantoms - EU","developer":"Ubisoft Singapore","publisher":"Ubisoft","score_rank":30,"owners":4087293,"owners_variance":68601,"players_forever":2428461,"players_forever_variance":52977,"players_2weeks":2428,"players_2weeks_variance":1679,"average_forever":1389,"average_2weeks":977,"median_forever":217,"median_2weeks":7,"ccu":29,"price":"0","tags":{"Free to Play":1161,"Action":654,"Multiplayer":547,"Shooter":517,"Third-Person Shooter":461,"Tactical":364,"FPS":315,"Team-Based":312,"Co-op":236,"Stealth":141,"Massively Multiplayer":130,"Singleplayer":129,"Futuristic":128,"Third Person":121,"First-Person":107,"Strategy":99,"Sci-fi":72,"Adventure":67,"RPG":59,"Sandbox":30}},
"409710":{"appid":409710,"name":"BioShock Remastered","developer":"2K Boston, 2K Australia, Blind Squirrel, Feral Interactive (Mac)","publisher":"2K, Feral Interactive (Mac)","score_rank":11,"owners":4063924,"owners_variance":68406,"players_forever":929261,"players_forever_variance":32826,"players_2weeks":46433,"players_2weeks_variance":7345,"average_forever":295,"average_2weeks":229,"median_forever":109,"median_2weeks":87,"ccu":509,"price":"1999","tags":{"Action":83,"FPS":77,"Story Rich":70,"Horror":67,"Atmospheric":63,"Singleplayer":60,"First-Person":58,"RPG":57,"Shooter":57,"Sci-fi":38,"Underwater":34,"Dystopian ":34,"Adventure":27,"Great Soundtrack":23,"Remake":23,"Alternate History":19,"Classic":15,"Dark":14,"Open World":5,"Memes":5}},
"7670":{"appid":7670,"name":"BioShock","developer":"2K Boston, 2K Australia","publisher":"2K Games","score_rank":89,"owners":4063924,"owners_variance":68406,"players_forever":2594466,"players_forever_variance":54747,"players_2weeks":12746,"players_2weeks_variance":3848,"average_forever":437,"average_2weeks":88,"median_forever":166,"median_2weeks":33,"ccu":128,"price":"0","tags":{"FPS":1021,"Atmospheric":787,"Action":783,"Story Rich":721,"Singleplayer":699,"Steampunk":536,"Horror":535,"First-Person":476,"Shooter":446,"RPG":406,"Sci-fi":388,"Classic":326,"Adventure":310,"Dystopian ":242,"Underwater":231,"Political":222,"Dark":187,"Great Soundtrack":136,"Alternate History":116,"Action RPG":80}},
"302830":{"appid":302830,"name":"BLOCKADE 3D","developer":"Shumkov Dmitriy","publisher":"Shumkov Dmitriy","score_rank":15,"owners":4033880,"owners_variance":68155,"players_forever":3041494,"players_forever_variance":59247,"players_2weeks":55841,"players_2weeks_variance":8054,"average_forever":386,"average_2weeks":148,"median_forever":49,"median_2weeks":37,"ccu":821,"price":"0","tags":{"Early Access":1054,"Free to Play":958,"Shooter":553,"Multiplayer":522,"FPS":467,"Action":437,"Building":436,"Zombies":409,"Pixel Graphics":316,"Online Co-Op":278,"Survival":269,"Sandbox":268,"Co-op":208,"3D Vision":203,"Massively Multiplayer":182,"Adventure":166,"Open World":158,"Funny":158,"Casual":148,"Controller":138}},
"255710":{"appid":255710,"name":"Cities: Skylines","developer":"Colossal Order Ltd.","publisher":"Paradox Interactive","score_rank":81,"owners":3951029,"owners_variance":67458,"players_forever":3761657,"players_forever_variance":65836,"players_2weeks":441566,"players_2weeks_variance":22640,"average_forever":2458,"average_2weeks":462,"median_forever":733,"median_2weeks":156,"ccu":10824,"price":"2999","tags":{"City Builder":1832,"Simulation":1388,"Building":1126,"Strategy":968,"Singleplayer":904,"Moddable":902,"Management":874,"Sandbox":870,"Economy":804,"Resource Management":584,"Realistic":404,"Replay Value":328,"Casual":298,"Mod":269,"Family Friendly":252,"Modern":234,"Real-Time with Pause":234,"Great Soundtrack":231,"Funny":118,"Action":44}},
"321040":{"appid":321040,"name":"DiRT 3 Complete Edition","developer":"Codemasters Racing Studio, Feral Interactive (Mac)","publisher":"Codemasters, Feral Interactive (Mac)","score_rank":77,"owners":3900651,"owners_variance":67030,"players_forever":2209347,"players_forever_variance":50543,"players_2weeks":77995,"players_2weeks_variance":9519,"average_forever":402,"average_2weeks":190,"median_forever":123,"median_2weeks":32,"ccu":573,"price":"299","tags":{"Racing":238,"Simulation":138,"Multiplayer":116,"Sports":107,"Driving":100,"Offroad":88,"Controller":53,"Split Screen":50,"Singleplayer":41,"Great Soundtrack":37,"Open World":33,"Arcade":28,"Local Co-Op":22,"Action":17,"First-Person":12,"Realistic":11,"Benchmark":7}},
"204360":{"appid":204360,"name":"Castle Crashers","developer":"The Behemoth","publisher":"The Behemoth","score_rank":95,"owners":3899741,"owners_variance":67023,"players_forever":3446339,"players_forever_variance":63038,"players_2weeks":70711,"players_2weeks_variance":9063,"average_forever":582,"average_2weeks":234,"median_forever":249,"median_2weeks":45,"ccu":491,"price":"1499","tags":{"Co-op":876,"Action":829,"Adventure":697,"Multiplayer":621,"Beat 'em up":613,"Local Co-Op":594,"Indie":555,"Funny":508,"Online Co-Op":476,"Comedy":464,"Hack and Slash":453,"RPG":438,"2D":438,"Casual":306,"Local Multiplayer":291,"Controller":273,"Great Soundtrack":255,"Side Scroller":242,"Fantasy":242,"Action RPG":228}},
"42700":{"appid":42700,"name":"Call of Duty: Black Ops","developer":"Treyarch","publisher":"Activision","score_rank":68,"owners":3836920,"owners_variance":66485,"players_forever":3642085,"players_forever_variance":64789,"players_2weeks":44308,"players_2weeks_variance":7175,"average_forever":1502,"average_2weeks":154,"median_forever":561,"median_2weeks":38,"ccu":544,"price":"3999","tags":{"Action":544,"FPS":434,"Zombies":401,"Multiplayer":359,"Shooter":275,"Cold War":211,"Singleplayer":205,"First-Person":184,"War":176,"Military":160,"Online Co-Op":151,"Co-op":129,"Adventure":89,"Gore":81,"Story Rich":78,"Controller":70,"Linear":61,"Massively Multiplayer":50,"Horror":49,"Point & Click":27}},
"42710":{"appid":42710,"name":"Call of Duty: Black Ops","developer":"Treyarch","publisher":"Activision","score_rank":68,"owners":3836920,"owners_variance":66485,"players_forever":3204464,"players_forever_variance":60802,"players_2weeks":46129,"players_2weeks_variance":7321,"average_forever":4545,"average_2weeks":216,"median_forever":1059,"median_2weeks":46,"ccu":809,"price":"3999","tags":{"Action":544,"FPS":434,"Zombies":401,"Multiplayer":359,"Shooter":275,"Cold War":211,"Singleplayer":205,"First-Person":184,"War":176,"Military":160,"Online Co-Op":151,"Co-op":129,"Adventure":89,"Gore":81,"Story Rich":78,"Controller":70,"Linear":61,"Massively Multiplayer":50,"Horror":49,"Point & Click":27}}}
